[{
  "_id": {
    "$oid": "6738ab8b64f1233dfbdff647"
  },
  "image": "https://d1csarkz8obe9u.cloudfront.net/posterpreviews/book-cover-design-template-90de49f93301d2c438cf188441b2158e.jpg?ts=1726588909",
  "title": "Introduction to Machine Learning",
  "description": "A beginner's guide to understanding the fundamentals of Machine Learning.",
  "subject": "Computer Science",
  "fileUrl": "https://example.com/ml-guide.pdf",
  "author": "60b8d6a1f4b2b50f6c3b4d4e",
  "published": "2023-01-01",
  "views": 120,
  "downloads": 60,
  "ratings": [
    4,
    5,
    5,
    3,
    4
  ],
  "pages": 120,
  "paid": false
},
{
  "_id": {
    "$oid": "6738ab8b64f1233dfbdff648"
  },
  "image": "https://marketplace.canva.com/EAFXKFIDad4/1/0/1003w/canva-brown-mystery-novel-book-cover-cSu1pdo96zA.jpg",
  "title": "Advanced JavaScript",
  "description": "A comprehensive guide to mastering advanced JavaScript concepts.",
  "subject": "Programming",
  "fileUrl": "https://example.com/advanced-javascript.pdf",
  "author": "60b8d6a1f4b2b50f6c3b4d4e",
  "published": "2023-02-14",
  "views": 200,
  "downloads": 150,
  "ratings": [
    5,
    4,
    4,
    5,
    5
  ],
  "pages": 300,
  "paid": true
},
{
  "_id": {
    "$oid": "6738ab8b64f1233dfbdff649"
  },
  "image": "https://d1csarkz8obe9u.cloudfront.net/posterpreviews/book-cover-design-template-90de49f93301d2c438cf188441b2158e.jpg?ts=1726588909",
  "title": "Data Structures and Algorithms",
  "description": "Learn about data structures and algorithms with practical examples and code.",
  "subject": "Computer Science",
  "fileUrl": "https://example.com/data-structures.pdf",
  "author": "60b8d6a1f4b2b50f6c3b4d4e",
  "published": "2023-03-10",
  "views": 180,
  "downloads": 95,
  "ratings": [
    3,
    4,
    5,
    4,
    4
  ],
  "pages": 250,
  "paid": false
},
{
  "_id": {
    "$oid": "6738ab8b64f1233dfbdff64a"
  },
  "image": "https://marketplace.canva.com/EAFXKFIDad4/1/0/1003w/canva-brown-mystery-novel-book-cover-cSu1pdo96zA.jpg",
  "title": "Python for Data Science",
  "description": "A complete guide to using Python for Data Science and machine learning.",
  "subject": "Programming",
  "fileUrl": "https://example.com/python-data-science.pdf",
  "author": "60b8d6a1f4b2b50f6c3b4d4e",
  "published": "2023-04-05",
  "views": 300,
  "downloads": 200,
  "ratings": [
    5,
    4,
    4,
    5,
    5
  ],
  "pages": 220,
  "paid": false
},
{
  "_id": {
    "$oid": "6738ab8b64f1233dfbdff64b"
  },
  "image": "https://d1csarkz8obe9u.cloudfront.net/posterpreviews/book-cover-design-template-90de49f93301d2c438cf188441b2158e.jpg?ts=1726588909",
  "title": "Artificial Intelligence in Practice",
  "description": "How to implement AI algorithms and their practical applications.",
  "subject": "Artificial Intelligence",
  "fileUrl": "https://example.com/ai-practice.pdf",
  "author": "60b8d6a1f4b2b50f6c3b4d4e",
  "published": "2023-05-22",
  "views": 150,
  "downloads": 100,
  "ratings": [
    4,
    4,
    4,
    3,
    4
  ],
  "pages": 180,
  "paid": true
},
{
  "_id": {
    "$oid": "6738ab8b64f1233dfbdff64c"
  },
  "image": "https://marketplace.canva.com/EAFXKFIDad4/1/0/1003w/canva-brown-mystery-novel-book-cover-cSu1pdo96zA.jpg",
  "title": "Web Development with React",
  "description": "Learn to build dynamic websites using React.js and other web technologies.",
  "subject": "Web Development",
  "fileUrl": "https://example.com/react-webdev.pdf",
  "author": "60b8d6a1f4b2b50f6c3b4d4e",
  "published": "2023-06-12",
  "views": 250,
  "downloads": 140,
  "ratings": [
    5,
    4,
    5,
    5,
    4
  ],
  "pages": 320,
  "paid": false
},
{
  "_id": {
    "$oid": "6738ab8b64f1233dfbdff64d"
  },
  "image": "https://d1csarkz8obe9u.cloudfront.net/posterpreviews/book-cover-design-template-90de49f93301d2c438cf188441b2158e.jpg?ts=1726588909",
  "title": "Database Design and Management",
  "description": "Learn the principles of database design and efficient management techniques.",
  "subject": "Database Management",
  "fileUrl": "https://example.com/database-design.pdf",
  "author": "60b8d6a1f4b2b50f6c3b4d4e",
  "published": "2023-07-09",
  "views": 400,
  "downloads": 300,
  "ratings": [
    5,
    4,
    4,
    5,
    4
  ],
  "pages": 250,
  "paid": true
},
{
  "_id": {
    "$oid": "6738ab8b64f1233dfbdff64e"
  },
  "image": "https://marketplace.canva.com/EAFXKFIDad4/1/0/1003w/canva-brown-mystery-novel-book-cover-cSu1pdo96zA.jpg",
  "title": "Introduction to Cloud Computing",
  "description": "Explore the world of Cloud Computing and how it's transforming the tech industry.",
  "subject": "Cloud Computing",
  "fileUrl": "https://example.com/cloud-computing.pdf",
  "author": "60b8d6a1f4b2b50f6c3b4d4e",
  "published": "2023-08-15",
  "views": 220,
  "downloads": 180,
  "ratings": [
    4,
    3,
    5,
    5,
    5
  ],
  "pages": 200,
  "paid": false
},
{
  "_id": {
    "$oid": "6738ab8b64f1233dfbdff64f"
  },
  "image": "https://d1csarkz8obe9u.cloudfront.net/posterpreviews/book-cover-design-template-90de49f93301d2c438cf188441b2158e.jpg?ts=1726588909",
  "title": "Machine Learning with Python",
  "description": "A hands-on guide to learning machine learning algorithms using Python.",
  "subject": "Machine Learning",
  "fileUrl": "https://example.com/ml-python.pdf",
  "author": "60b8d6a1f4b2b50f6c3b4d4e",
  "published": "2023-09-19",
  "views": 450,
  "downloads": 350,
  "ratings": [
    5,
    4,
    4,
    5,
    4
  ],
  "pages": 310,
  "paid": false
},
{
  "_id": {
    "$oid": "6738ab8b64f1233dfbdff650"
  },
  "image": "https://marketplace.canva.com/EAFXKFIDad4/1/0/1003w/canva-brown-mystery-novel-book-cover-cSu1pdo96zA.jpg",
  "title": "Understanding Blockchain",
  "description": "Learn the basics of blockchain technology and its applications.",
  "subject": "Blockchain",
  "fileUrl": "https://example.com/blockchain.pdf",
  "author": "60b8d6a1f4b2b50f6c3b4d4e",
  "published": "2023-10-01",
  "views": 100,
  "downloads": 50,
  "ratings": [
    4,
    3,
    5,
    4,
    4
  ],
  "pages": 150,
  "paid": true
},
{
  "_id": {
    "$oid": "6738ab8b64f1233dfbdff651"
  },
  "image": "https://d1csarkz8obe9u.cloudfront.net/posterpreviews/book-cover-design-template-90de49f93301d2c438cf188441b2158e.jpg?ts=1726588909",
  "title": "Cybersecurity Fundamentals",
  "description": "Learn the basics of cybersecurity and how to secure networks and systems.",
  "subject": "Cybersecurity",
  "fileUrl": "https://example.com/cybersecurity.pdf",
  "author": "60b8d6a1f4b2b50f6c3b4d4e",
  "published": "2023-10-10",
  "views": 170,
  "downloads": 90,
  "ratings": [
    5,
    4,
    4,
    3,
    5
  ],
  "pages": 180,
  "paid": false
},
{
  "_id": {
    "$oid": "6738ab8b64f1233dfbdff652"
  },
  "image": "https://marketplace.canva.com/EAFXKFIDad4/1/0/1003w/canva-brown-mystery-novel-book-cover-cSu1pdo96zA.jpg",
  "title": "Introduction to Databases",
  "description": "Learn the fundamentals of database management and query languages.",
  "subject": "Databases",
  "fileUrl": "https://example.com/introduction-databases.pdf",
  "author": "60b8d6a1f4b2b50f6c3b4d4e",
  "published": "2023-10-12",
  "views": 190,
  "downloads": 110,
  "ratings": [
    4,
    4,
    3,
    5,
    5
  ],
  "pages": 200,
  "paid": true
},
{
  "_id": {
    "$oid": "6738ab8b64f1233dfbdff653"
  },
  "image": "https://d1csarkz8obe9u.cloudfront.net/posterpreviews/book-cover-design-template-90de49f93301d2c438cf188441b2158e.jpg?ts=1726588909",
  "title": "Cloud Services Overview",
  "description": "Overview of major cloud services providers and their offerings.",
  "subject": "Cloud Computing",
  "fileUrl": "https://example.com/cloud-services.pdf",
  "author": "60b8d6a1f4b2b50f6c3b4d4e",
  "published": "2023-10-20",
  "views": 210,
  "downloads": 180,
  "ratings": [
    5,
    4,
    5,
    4,
    4
  ],
  "pages": 150,
  "paid": false
},
{
  "_id": {
    "$oid": "6738ab8b64f1233dfbdff654"
  },
  "image": "https://marketplace.canva.com/EAFXKFIDad4/1/0/1003w/canva-brown-mystery-novel-book-cover-cSu1pdo96zA.jpg",
  "title": "Data Analytics for Beginners",
  "description": "Learn how to analyze data and make informed decisions using data analytics.",
  "subject": "Data Analytics",
  "fileUrl": "https://example.com/data-analytics.pdf",
  "author": "60b8d6a1f4b2b50f6c3b4d4e",
  "published": "2023-10-25",
  "views": 300,
  "downloads": 250,
  "ratings": [
    5,
    4,
    4,
    5,
    5
  ],
  "pages": 220,
  "paid": false
},
{
  "_id": {
    "$oid": "6738ab8b64f1233dfbdff655"
  },
  "image": "https://d1csarkz8obe9u.cloudfront.net/posterpreviews/book-cover-design-template-90de49f93301d2c438cf188441b2158e.jpg?ts=1726588909",
  "title": "Fundamentals of Networking",
  "description": "Learn the core concepts of computer networking and network protocols.",
  "subject": "Networking",
  "fileUrl": "https://example.com/fundamentals-networking.pdf",
  "author": "60b8d6a1f4b2b50f6c3b4d4e",
  "published": "2023-11-01",
  "views": 500,
  "downloads": 400,
  "ratings": [
    5,
    5,
    4,
    4,
    5
  ],
  "pages": 280,
  "paid": true
},
{
  "_id": {
    "$oid": "6738ab8b64f1233dfbdff656"
  },
  "image": "https://marketplace.canva.com/EAFXKFIDad4/1/0/1003w/canva-brown-mystery-novel-book-cover-cSu1pdo96zA.jpg",
  "title": "Introduction to Cloud Security",
  "description": "Learn how to secure applications and data in cloud environments.",
  "subject": "Cloud Security",
  "fileUrl": "https://example.com/cloud-security.pdf",
  "author": "60b8d6a1f4b2b50f6c3b4d4e",
  "published": "2023-11-05",
  "views": 150,
  "downloads": 120,
  "ratings": [
    4,
    5,
    4,
    5,
    4
  ],
  "pages": 170,
  "paid": false
},
{
  "_id": {
    "$oid": "6738ab8b64f1233dfbdff657"
  },
  "image": "https://d1csarkz8obe9u.cloudfront.net/posterpreviews/book-cover-design-template-90de49f93301d2c438cf188441b2158e.jpg?ts=1726588909",
  "title": "Ethical Hacking Basics",
  "description": "An introduction to ethical hacking and penetration testing.",
  "subject": "Ethical Hacking",
  "fileUrl": "https://example.com/ethical-hacking.pdf",
  "author": "60b8d6a1f4b2b50f6c3b4d4e",
  "published": "2023-11-10",
  "views": 180,
  "downloads": 160,
  "ratings": [
    5,
    4,
    5,
    5,
    5
  ],
  "pages": 230,
  "paid": true
}]